{"cameraMode":{"drawMode":0,"name":"Shaded","section":"Shading Mode"},"sceneLighting":false,"audioPlay":false,"sceneViewState":{"showFog":true,"showMaterialUpdate":false,"showSkybox":true,"showFlares":true,"showImageEffects":true,"showParticleSystems":true},"in2DMode":false,"pivot":{"x":2.3408665657043459,"y":-11.037088394165039,"z":-6.097578048706055},"rotation":{"x":-0.006478955503553152,"y":0.694245457649231,"z":-0.006246746517717838,"w":-0.7196861505508423},"size":25.917314529418947,"orthographic":false}