{"cameraMode":{"drawMode":0,"name":"Shaded","section":"Shading Mode"},"sceneLighting":false,"audioPlay":false,"sceneViewState":{"showFog":true,"showMaterialUpdate":false,"showSkybox":true,"showFlares":true,"showImageEffects":true,"showParticleSystems":true},"in2DMode":false,"pivot":{"x":14.243183135986329,"y":-4.166706085205078,"z":-2.6645517349243166},"rotation":{"x":-0.1492396742105484,"y":-0.7019382119178772,"z":0.15424944460391999,"w":-0.67914217710495},"size":22.60563850402832,"orthographic":false}