{"cameraMode":{"drawMode":0,"name":"Shaded","section":"Shading Mode"},"sceneLighting":false,"audioPlay":false,"sceneViewState":{"showFog":true,"showMaterialUpdate":false,"showSkybox":true,"showFlares":true,"showImageEffects":true,"showParticleSystems":true},"in2DMode":false,"pivot":{"x":-1.1136598587036133,"y":-1.184558391571045,"z":3.9687986373901369},"rotation":{"x":-0.13043075799942017,"y":0.011002158746123314,"z":-0.0014482816914096475,"w":-0.991409420967102},"size":3.540799617767334,"orthographic":false}