{"cameraMode":{"drawMode":0,"name":"Shaded","section":"Shading Mode"},"sceneLighting":false,"audioPlay":false,"sceneViewState":{"showFog":true,"showMaterialUpdate":false,"showSkybox":true,"showFlares":true,"showImageEffects":true,"showParticleSystems":true},"in2DMode":false,"pivot":{"x":12.93448257446289,"y":-4.046285629272461,"z":2.716144561767578},"rotation":{"x":-0.226695254445076,"y":-0.5470426678657532,"z":0.15689678490161897,"w":-0.7904133796691895},"size":22.60563850402832,"orthographic":false}